KEGG,found_match_in_PK,matches,match_overlap_percentage,original_count,matches_count,term,Count_FeatureIDs_to_GroupingVariable,Group_Conflict_Notes,Unique_GroupingVariable_count,ActionRequired,InputID_select,Action_Specific
340,FALSE,NA,0,1,0,,,None,0,None,340,None
C00003,TRUE,C00003,100,1,1,Alcoholic liver disease; Aldosterone synthesis and secretion; AMPK signaling pathway; Biosynthesis of cofactors; Chemical carcinogenesis - reactive oxygen species; Drug metabolism - other enzymes; Efferocytosis; Longevity regulating pathway; Longevity regulating pathway - worm; Metabolic pathways; Nicotinate and nicotinamide metabolism; Oxidative phosphorylation; Thiamine metabolism; Vitamin digestion and absorption,1,None,14,None,C00003,None
C00004,TRUE,C00004,100,1,1,Aldosterone synthesis and secretion; Calcium signaling pathway; Metabolic pathways; Oxidative phosphorylation; Thermogenesis,1,None,5,None,C00004,None
C00009,TRUE,C00009,100,1,1,"ABC transporters; Cell cycle - yeast; Mineral absorption; Oxidative phosphorylation; Parathyroid hormone synthesis, secretion and action; Parkinson disease; Pathways of neurodegeneration - multiple diseases; Photosynthesis; Quorum sensing; Two-component system",1,None,10,None,C00009,None
C00013,FALSE,NA,0,1,0,,,None,0,None,C00013,None
C00016,TRUE,C00016,100,1,1,Biosynthesis of cofactors; Biosynthesis of secondary metabolites; Metabolic pathways; Riboflavin metabolism; Vitamin digestion and absorption,1,None,5,None,C00016,None
C00020,TRUE,C00020,100,1,1,"Aldosterone synthesis and secretion; AMPK signaling pathway; Antifolate resistance; Biosynthesis of alkaloids derived from histidine and purine; Biosynthesis of cofactors; Biosynthesis of plant hormones; Biosynthesis of plant secondary metabolites; Biosynthesis of secondary metabolites; cAMP signaling pathway; cGMP-PKG signaling pathway; Cortisol synthesis and secretion; Cushing syndrome; FoxO signaling pathway; Longevity regulating pathway; Metabolic pathways; Morphine addiction; mTOR signaling pathway; Nucleotide metabolism; Olfactory transduction; Parathyroid hormone synthesis, secretion and action; Parkinson disease; Pathways of neurodegeneration - multiple diseases; PI3K-Akt signaling pathway; Purine metabolism; Regulation of lipolysis in adipocytes; Renin secretion; Taste transduction; Zeatin biosynthesis",1,None,28,None,C00020,None
C00021,TRUE,C00021,100,1,1,Biosynthesis of amino acids; Biosynthesis of cofactors; Chemical carcinogenesis - reactive oxygen species; Cysteine and methionine metabolism; Folate transport and metabolism; Metabolic pathways; One carbon pool by folate,1,None,7,None,C00021,None
C00025,TRUE,C00025,100,1,1,"2-Oxocarboxylic acid metabolism; ABC transporters; Alanine, aspartate and glutamate metabolism; Alcoholism; Aminoacyl-tRNA biosynthesis; Amphetamine addiction; Amyotrophic lateral sclerosis; Arginine and proline metabolism; Arginine biosynthesis; Biosynthesis of alkaloids derived from ornithine, lysine and nicotinic acid; Biosynthesis of amino acids; Biosynthesis of cofactors; Biosynthesis of plant secondary metabolites; Biosynthesis of secondary metabolites; Biosynthesis of various antibiotics; Biosynthesis of various other secondary metabolites; Butanoate metabolism; C5-Branched dibasic acid metabolism; Carbapenem biosynthesis; Carbon metabolism; Central carbon metabolism in cancer; Circadian entrainment; Cocaine addiction; D-Amino acid metabolism; Ferroptosis; FoxO signaling pathway; GABAergic synapse; Gap junction; Glutamatergic synapse; Glutathione metabolism; Glyoxylate and dicarboxylate metabolism; Histidine metabolism; Huntington disease; Long-term depression; Long-term potentiation; Metabolic pathways; Microbial metabolism in diverse environments; Neomycin, kanamycin and gentamicin biosynthesis; Neuroactive ligand-receptor interaction; Nicotine addiction; Nitrogen metabolism; Pathways of neurodegeneration - multiple diseases; Phospholipase D signaling pathway; Porphyrin metabolism; Protein digestion and absorption; Proximal tubule bicarbonate reclamation; Retrograde endocannabinoid signaling; Spinocerebellar ataxia; Synaptic vesicle cycle; Taste transduction; Taurine and hypotaurine metabolism; Two-component system",1,None,52,None,C00025,None
C00037,TRUE,C00037,100,1,1,"ABC transporters; Aminoacyl-tRNA biosynthesis; Biofilm formation - Escherichia coli; Biosynthesis of amino acids; Biosynthesis of cofactors; Biosynthesis of plant secondary metabolites; Biosynthesis of secondary metabolites; Carbon metabolism; Central carbon metabolism in cancer; Cyanoamino acid metabolism; D-Amino acid metabolism; Glutathione metabolism; Glycine, serine and threonine metabolism; Glyoxylate and dicarboxylate metabolism; Lipoic acid metabolism; Lysine degradation; Metabolic pathways; Methane metabolism; Microbial metabolism in diverse environments; Mineral absorption; Neuroactive ligand-receptor interaction; One carbon pool by folate; Phosphonate and phosphinate metabolism; Porphyrin metabolism; Primary bile acid biosynthesis; Protein digestion and absorption; Purine metabolism; Synaptic vesicle cycle; Thiamine metabolism; Vancomycin resistance",1,None,30,None,C00037,None
C00041,TRUE,C00041,100,1,1,"2-Oxocarboxylic acid metabolism; ABC transporters; Alanine, aspartate and glutamate metabolism; Aminoacyl-tRNA biosynthesis; Biosynthesis of amino acids; Biosynthesis of plant secondary metabolites; Biosynthesis of secondary metabolites; Biosynthesis of various other secondary metabolites; Carbon fixation by Calvin cycle; Carbon metabolism; Central carbon metabolism in cancer; Cysteine and methionine metabolism; D-Amino acid metabolism; Metabolic pathways; Microbial metabolism in diverse environments; Mineral absorption; Protein digestion and absorption; Selenocompound metabolism; Sulfur relay system; Taurine and hypotaurine metabolism; Vancomycin resistance",1,None,21,None,C00041,None
C00042,TRUE,C00042,100,1,1,"Alanine, aspartate and glutamate metabolism; Biosynthesis of alkaloids derived from histidine and purine; Biosynthesis of alkaloids derived from ornithine, lysine and nicotinic acid; Biosynthesis of alkaloids derived from shikimate pathway; Biosynthesis of alkaloids derived from terpenoid and polyketide; Biosynthesis of phenylpropanoids; Biosynthesis of plant hormones; Biosynthesis of plant secondary metabolites; Biosynthesis of secondary metabolites; Biosynthesis of terpenoids and steroids; Butanoate metabolism; cAMP signaling pathway; Carbon metabolism; Central carbon metabolism in cancer; Chlorocyclohexane and chlorobenzene degradation; Citrate cycle (TCA cycle); Degradation of aromatic compounds; GABAergic synapse; Glucagon signaling pathway; Glyoxylate and dicarboxylate metabolism; Lysine degradation; Metabolic pathways; Microbial metabolism in diverse environments; Nicotinate and nicotinamide metabolism; Other carbon fixation pathways; Oxidative phosphorylation; Phenylalanine metabolism; Propanoate metabolism; Pyruvate metabolism; Sulfur metabolism; Two-component system; Tyrosine metabolism",1,None,32,None,C00042,None
C00047,TRUE,C00047,100,1,1,"2-Oxocarboxylic acid metabolism; ABC transporters; Aminoacyl-tRNA biosynthesis; Biosynthesis of alkaloids derived from ornithine, lysine and nicotinic acid; Biosynthesis of amino acids; Biosynthesis of plant secondary metabolites; Biosynthesis of secondary metabolites; Biosynthesis of various other secondary metabolites; Biotin metabolism; D-Amino acid metabolism; Lysine biosynthesis; Lysine degradation; Metabolic pathways; Microbial metabolism in diverse environments; Protein digestion and absorption; Tropane, piperidine and pyridine alkaloid biosynthesis",1,None,16,None,C00047,None
C00049,TRUE,C00049,100,1,1,"2-Oxocarboxylic acid metabolism; ABC transporters; Alanine, aspartate and glutamate metabolism; Aminoacyl-tRNA biosynthesis; Arginine biosynthesis; Bacterial chemotaxis; beta-Alanine metabolism; Biosynthesis of alkaloids derived from ornithine, lysine and nicotinic acid; Biosynthesis of amino acids; Biosynthesis of cofactors; Biosynthesis of plant hormones; Biosynthesis of plant secondary metabolites; Biosynthesis of secondary metabolites; Biosynthesis of various antibiotics; Biosynthesis of various other secondary metabolites; Biosynthesis of various plant secondary metabolites; Carbon fixation by Calvin cycle; Carbon metabolism; Central carbon metabolism in cancer; Cyanoamino acid metabolism; Cysteine and methionine metabolism; D-Amino acid metabolism; Glycine, serine and threonine metabolism; Histidine metabolism; Lysine biosynthesis; Metabolic pathways; Microbial metabolism in diverse environments; Monobactam biosynthesis; Neuroactive ligand-receptor interaction; Nicotinate and nicotinamide metabolism; Pantothenate and CoA biosynthesis; Protein digestion and absorption; Two-component system",1,None,33,None,C00049,None
C00051,TRUE,C00051,100,1,1,ABC transporters; Bile secretion; Biosynthesis of cofactors; Chemical carcinogenesis - reactive oxygen species; Cysteine and methionine metabolism; Diabetic cardiomyopathy; Ferroptosis; Glutathione metabolism; Metabolic pathways; Thyroid hormone synthesis,1,None,10,None,C00051,None
C00055,TRUE,C00055,100,1,1,Metabolic pathways; Nucleotide metabolism; Pyrimidine metabolism,1,None,3,None,C00055,None
C00062,TRUE,C00062,100,1,1,"ABC transporters; Aminoacyl-tRNA biosynthesis; Amoebiasis; Amyotrophic lateral sclerosis; Arginine and proline metabolism; Arginine biosynthesis; Biosynthesis of alkaloids derived from ornithine, lysine and nicotinic acid; Biosynthesis of amino acids; Biosynthesis of plant secondary metabolites; Biosynthesis of secondary metabolites; Biosynthesis of various antibiotics; Central carbon metabolism in cancer; Chagas disease; Clavulanic acid biosynthesis; D-Amino acid metabolism; Efferocytosis; Metabolic pathways; Monobactam biosynthesis; mTOR signaling pathway; Pathways of neurodegeneration - multiple diseases; Protein digestion and absorption",1,None,21,None,C00062,None
C00064,TRUE,C00064,100,1,1,"ABC transporters; Alanine, aspartate and glutamate metabolism; Aminoacyl-tRNA biosynthesis; Arginine biosynthesis; Biosynthesis of amino acids; Biosynthesis of cofactors; Biosynthesis of plant secondary metabolites; Biosynthesis of secondary metabolites; Central carbon metabolism in cancer; D-Amino acid metabolism; GABAergic synapse; Glutamatergic synapse; Glyoxylate and dicarboxylate metabolism; Metabolic pathways; Microbial metabolism in diverse environments; Mineral absorption; Nitrogen metabolism; Nucleotide metabolism; Protein digestion and absorption; Proximal tubule bicarbonate reclamation; Purine metabolism; Pyrimidine metabolism; Two-component system; Vitamin B6 metabolism",1,None,24,None,C00064,None
"C00065, C00716",TRUE,"C00065, C00716",100,2,2,"ABC transporters; Aminoacyl-tRNA biosynthesis; Bacterial chemotaxis; Biosynthesis of amino acids; Biosynthesis of cofactors; Biosynthesis of plant secondary metabolites; Biosynthesis of secondary metabolites; Biosynthesis of various antibiotics; Biosynthesis of various other secondary metabolites; Carbon metabolism; Central carbon metabolism in cancer; Cyanoamino acid metabolism; Cysteine and methionine metabolism; D-Amino acid metabolism; Glycerophospholipid metabolism; Glycine, serine and threonine metabolism; Glyoxylate and dicarboxylate metabolism; Metabolic pathways; Methane metabolism; Microbial metabolism in diverse environments; Mineral absorption; Monobactam biosynthesis; Nonribosomal peptide structures; One carbon pool by folate; Protein digestion and absorption; Sphingolipid metabolism; Sphingolipid signaling pathway; Sulfur metabolism; Vancomycin resistance",1,None,29,Check,NA,KeepEachID
C00072,TRUE,C00072,100,1,1,Ascorbate and aldarate metabolism; Biosynthesis of cofactors; Biosynthesis of secondary metabolites; Glutathione metabolism; HIF-1 signaling pathway; Metabolic pathways; Microbial metabolism in diverse environments; Phosphotransferase system (PTS); Vitamin digestion and absorption,1,None,9,None,C00072,None
C00073,TRUE,C00073,100,1,1,2-Oxocarboxylic acid metabolism; Aminoacyl-tRNA biosynthesis; Antifolate resistance; Biosynthesis of amino acids; Biosynthesis of cofactors; Biosynthesis of plant hormones; Biosynthesis of plant secondary metabolites; Biosynthesis of secondary metabolites; Biosynthesis of various plant secondary metabolites; Central carbon metabolism in cancer; Cobalamin transport and metabolism; Cysteine and methionine metabolism; D-Amino acid metabolism; Efferocytosis; Folate transport and metabolism; Glucosinolate biosynthesis; Metabolic pathways; Microbial metabolism in diverse environments; Mineral absorption; One carbon pool by folate; Protein digestion and absorption; Sulfur cycle; Sulfur metabolism,1,None,23,None,C00073,None
C00074,TRUE,C00074,100,1,1,"Biosynthesis of alkaloids derived from shikimate pathway; Biosynthesis of amino acids; Biosynthesis of cofactors; Biosynthesis of phenylpropanoids; Biosynthesis of plant hormones; Biosynthesis of plant secondary metabolites; Biosynthesis of secondary metabolites; Biosynthesis of terpenoids and steroids; Biosynthesis of various alkaloids; Biosynthesis of various antibiotics; Biosynthesis of various plant secondary metabolites; Carbon fixation by Calvin cycle; Carbon metabolism; Central carbon metabolism in cancer; Citrate cycle (TCA cycle); Glucagon signaling pathway; Glycolysis / Gluconeogenesis; Metabolic pathways; Methane metabolism; Microbial metabolism in diverse environments; Other carbon fixation pathways; Phenylalanine, tyrosine and tryptophan biosynthesis; Phosphonate and phosphinate metabolism; Phosphotransferase system (PTS); Proximal tubule bicarbonate reclamation; Pyruvate metabolism",1,None,26,None,C00074,None
C00077,TRUE,C00077,100,1,1,"2-Oxocarboxylic acid metabolism; ABC transporters; Arginine and proline metabolism; Arginine biosynthesis; Biosynthesis of alkaloids derived from ornithine, lysine and nicotinic acid; Biosynthesis of amino acids; Biosynthesis of plant secondary metabolites; Biosynthesis of secondary metabolites; Biosynthesis of various antibiotics; Biosynthesis of various other secondary metabolites; D-Amino acid metabolism; Efferocytosis; Glutathione metabolism; Metabolic pathways",1,None,14,None,C00077,None
C00078,TRUE,C00078,100,1,1,"2-Oxocarboxylic acid metabolism; African trypanosomiasis; Aminoacyl-tRNA biosynthesis; Axon regeneration; Biosynthesis of alkaloids derived from shikimate pathway; Biosynthesis of amino acids; Biosynthesis of cofactors; Biosynthesis of phenylpropanoids; Biosynthesis of plant hormones; Biosynthesis of plant secondary metabolites; Biosynthesis of secondary metabolites; Biosynthesis of various alkaloids; Biosynthesis of various other secondary metabolites; Biosynthesis of various plant secondary metabolites; Central carbon metabolism in cancer; Glucosinolate biosynthesis; Glycine, serine and threonine metabolism; Indole alkaloid biosynthesis; Metabolic pathways; Mineral absorption; Phenylalanine, tyrosine and tryptophan biosynthesis; Protein digestion and absorption; Serotonergic synapse; Staurosporine biosynthesis; Tryptophan metabolism",1,None,25,None,C00078,None
C00079,TRUE,C00079,100,1,1,"2-Oxocarboxylic acid metabolism; ABC transporters; Aminoacyl-tRNA biosynthesis; Biosynthesis of alkaloids derived from ornithine, lysine and nicotinic acid; Biosynthesis of alkaloids derived from shikimate pathway; Biosynthesis of amino acids; Biosynthesis of phenylpropanoids; Biosynthesis of plant hormones; Biosynthesis of plant secondary metabolites; Biosynthesis of secondary metabolites; Biosynthesis of various alkaloids; Biosynthesis of various other secondary metabolites; Biosynthesis of various plant secondary metabolites; Central carbon metabolism in cancer; Cyanoamino acid metabolism; D-Amino acid metabolism; Glucosinolate biosynthesis; Metabolic pathways; Mineral absorption; Phenylalanine metabolism; Phenylalanine, tyrosine and tryptophan biosynthesis; Phenylpropanoid biosynthesis; Protein digestion and absorption; Tropane, piperidine and pyridine alkaloid biosynthesis",1,None,24,None,C00079,None
C00082,TRUE,C00082,100,1,1,"2-Oxocarboxylic acid metabolism; Alcoholism; Aminoacyl-tRNA biosynthesis; Amphetamine addiction; Betalain biosynthesis; Biosynthesis of alkaloids derived from shikimate pathway; Biosynthesis of amino acids; Biosynthesis of cofactors; Biosynthesis of enediyne antibiotics; Biosynthesis of plant secondary metabolites; Biosynthesis of secondary metabolites; Biosynthesis of vancomycin group antibiotics; Biosynthesis of various antibiotics; Biosynthesis of various other secondary metabolites; Biosynthesis of various plant secondary metabolites; Central carbon metabolism in cancer; Cocaine addiction; Cyanoamino acid metabolism; Dopaminergic synapse; Glucosinolate biosynthesis; Isoquinoline alkaloid biosynthesis; Melanogenesis; Metabolic pathways; Methane metabolism; Monobactam biosynthesis; Novobiocin biosynthesis; Parkinson disease; Phenylalanine metabolism; Phenylalanine, tyrosine and tryptophan biosynthesis; Phenylpropanoid biosynthesis; Prolactin signaling pathway; Protein digestion and absorption; Thiamine metabolism; Tyrosine metabolism; Ubiquinone and other terpenoid-quinone biosynthesis",1,None,35,None,C00082,None
C00086,TRUE,C00086,100,1,1,ABC transporters; Arginine and proline metabolism; Arginine biosynthesis; Atrazine degradation; Biosynthesis of secondary metabolites; Biotin metabolism; Epithelial cell signaling in Helicobacter pylori infection; Metabolic pathways; Microbial metabolism in diverse environments; Purine metabolism; Pyrimidine metabolism,1,None,11,None,C00086,None
C00090,TRUE,C00090,100,1,1,Aminobenzoate degradation; Benzoate degradation; Chlorocyclohexane and chlorobenzene degradation; Degradation of aromatic compounds; Dioxin degradation; Fluorobenzoate degradation; Metabolic pathways; Microbial metabolism in diverse environments; Naphthalene degradation; Polycyclic aromatic hydrocarbon degradation,1,None,10,None,C00090,None
C00093,TRUE,C00093,100,1,1,ABC transporters; Biosynthesis of secondary metabolites; Choline metabolism in cancer; Glycerolipid metabolism; Glycerophospholipid metabolism; Metabolic pathways,1,None,6,None,C00093,None
C00095,TRUE,C00095,100,1,1,ABC transporters; Amino sugar and nucleotide sugar metabolism; Biosynthesis of nucleotide sugars; Biosynthesis of secondary metabolites; Carbohydrate digestion and absorption; Diabetic cardiomyopathy; Fructose and mannose metabolism; Galactose metabolism; Insulin resistance; Metabolic pathways; Microbial metabolism in diverse environments; Phosphotransferase system (PTS); Starch and sucrose metabolism; Taste transduction,1,None,14,None,C00095,None
C00097,TRUE,C00097,100,1,1,"Aminoacyl-tRNA biosynthesis; Biosynthesis of amino acids; Biosynthesis of cofactors; Biosynthesis of plant secondary metabolites; Biosynthesis of secondary metabolites; Carbapenem biosynthesis; Carbon metabolism; Central carbon metabolism in cancer; Cyanoamino acid metabolism; Cysteine and methionine metabolism; D-Amino acid metabolism; Ferroptosis; Glutathione metabolism; Glycine, serine and threonine metabolism; Metabolic pathways; Microbial metabolism in diverse environments; One carbon pool by folate; Pantothenate and CoA biosynthesis; Penicillin and cephalosporin biosynthesis; Protein digestion and absorption; Sulfur cycle; Sulfur metabolism; Sulfur relay system; Taurine and hypotaurine metabolism; Thiamine metabolism",1,None,25,None,C00097,None
C00099,TRUE,C00099,100,1,1,beta-Alanine metabolism; Biosynthesis of cofactors; Biosynthesis of secondary metabolites; Metabolic pathways; Neuroactive ligand-receptor interaction; Pantothenate and CoA biosynthesis; Propanoate metabolism; Protein digestion and absorption; Pyrimidine metabolism,1,None,9,None,C00099,None
C00103,TRUE,C00103,100,1,1,Acarbose and validamycin biosynthesis; Amino sugar and nucleotide sugar metabolism; Biosynthesis of cofactors; Biosynthesis of nucleotide sugars; Biosynthesis of plant secondary metabolites; Biosynthesis of secondary metabolites; Biosynthesis of various nucleotide sugars; Galactose metabolism; Glucagon signaling pathway; Glycerolipid metabolism; Glycolysis / Gluconeogenesis; Metabolic pathways; Microbial metabolism in diverse environments; Pentose and glucuronate interconversions; Polyketide sugar unit biosynthesis; Starch and sucrose metabolism; Streptomycin biosynthesis,1,None,17,None,C00103,None
C00106,TRUE,C00106,100,1,1,beta-Alanine metabolism; Metabolic pathways; Nucleotide metabolism; Pantothenate and CoA biosynthesis; Pyrimidine metabolism,1,None,5,None,C00106,None
C00116,TRUE,C00116,100,1,1,ABC transporters; Galactose metabolism; Glycerolipid metabolism; Metabolic pathways; Pentose and glucuronate interconversions; Regulation of lipolysis in adipocytes; Retrograde endocannabinoid signaling; Thermogenesis,1,None,8,None,C00116,None
C00121,TRUE,C00121,100,1,1,ABC transporters; Bacterial chemotaxis; Metabolic pathways; Pentose phosphate pathway,1,None,4,None,C00121,None
C00122,TRUE,C00122,100,1,1,"Alanine, aspartate and glutamate metabolism; Arginine biosynthesis; Biosynthesis of alkaloids derived from histidine and purine; Biosynthesis of alkaloids derived from ornithine, lysine and nicotinic acid; Biosynthesis of alkaloids derived from shikimate pathway; Biosynthesis of alkaloids derived from terpenoid and polyketide; Biosynthesis of phenylpropanoids; Biosynthesis of plant hormones; Biosynthesis of plant secondary metabolites; Biosynthesis of secondary metabolites; Biosynthesis of terpenoids and steroids; Butanoate metabolism; Carbon metabolism; Central carbon metabolism in cancer; Citrate cycle (TCA cycle); Degradation of aromatic compounds; Glucagon signaling pathway; Metabolic pathways; Microbial metabolism in diverse environments; Nicotinate and nicotinamide metabolism; Other carbon fixation pathways; Oxidative phosphorylation; Pathways in cancer; Phenylalanine metabolism; Pyruvate metabolism; Renal cell carcinoma; Styrene degradation; Two-component system; Tyrosine metabolism",1,None,29,None,C00122,None
C00123,TRUE,C00123,100,1,1,"2-Oxocarboxylic acid metabolism; ABC transporters; Aminoacyl-tRNA biosynthesis; Biosynthesis of alkaloids derived from histidine and purine; Biosynthesis of amino acids; Biosynthesis of plant secondary metabolites; Biosynthesis of secondary metabolites; Central carbon metabolism in cancer; Glucosinolate biosynthesis; Metabolic pathways; Mineral absorption; mTOR signaling pathway; Protein digestion and absorption; Shigellosis; Valine, leucine and isoleucine biosynthesis; Valine, leucine and isoleucine degradation",1,None,16,None,C00123,None
C00127,TRUE,C00127,100,1,1,Biosynthesis of cofactors; Chemical carcinogenesis - reactive oxygen species; Diabetic cardiomyopathy; Ferroptosis; Glutathione metabolism; Metabolic pathways; Thyroid hormone synthesis,1,None,7,None,C00127,None
C00134,TRUE,C00134,100,1,1,"ABC transporters; Arginine and proline metabolism; Biosynthesis of alkaloids derived from ornithine, lysine and nicotinic acid; Biosynthesis of plant secondary metabolites; Biosynthesis of secondary metabolites; D-Amino acid metabolism; Efferocytosis; Glutathione metabolism; Metabolic pathways; Protein digestion and absorption; Tropane, piperidine and pyridine alkaloid biosynthesis",1,None,11,None,C00134,None
C00135,TRUE,C00135,100,1,1,ABC transporters; Aminoacyl-tRNA biosynthesis; beta-Alanine metabolism; Biosynthesis of alkaloids derived from histidine and purine; Biosynthesis of amino acids; Biosynthesis of plant secondary metabolites; Biosynthesis of secondary metabolites; Central carbon metabolism in cancer; D-Amino acid metabolism; Histidine metabolism; Metabolic pathways; Protein digestion and absorption; Staurosporine biosynthesis,1,None,13,None,C00135,None
C00137,TRUE,C00137,100,1,1,ABC transporters; Ascorbate and aldarate metabolism; Biosynthesis of nucleotide sugars; Biosynthesis of secondary metabolites; Galactose metabolism; Inositol phosphate metabolism; Metabolic pathways; Microbial metabolism in diverse environments; Phosphatidylinositol signaling system; Streptomycin biosynthesis,1,None,10,None,C00137,None
C00140,TRUE,C00140,100,1,1,ABC transporters; Amino sugar and nucleotide sugar metabolism; Biosynthesis of nucleotide sugars; Metabolic pathways; Phosphotransferase system (PTS),1,None,5,None,C00140,None
C00147,TRUE,C00147,100,1,1,Biosynthesis of secondary metabolites; Metabolic pathways; Nucleotide metabolism; Purine metabolism; Zeatin biosynthesis,1,None,5,None,C00147,None
C00148,TRUE,C00148,100,1,1,ABC transporters; Aminoacyl-tRNA biosynthesis; Arginine and proline metabolism; Biosynthesis of amino acids; Biosynthesis of secondary metabolites; Carbapenem biosynthesis; Central carbon metabolism in cancer; D-Amino acid metabolism; Metabolic pathways; Mineral absorption; Novobiocin biosynthesis; Prodigiosin biosynthesis; Protein digestion and absorption; Staurosporine biosynthesis,1,None,14,None,C00148,None
C00149,TRUE,C00149,100,1,1,"Biosynthesis of alkaloids derived from histidine and purine; Biosynthesis of alkaloids derived from ornithine, lysine and nicotinic acid; Biosynthesis of alkaloids derived from shikimate pathway; Biosynthesis of alkaloids derived from terpenoid and polyketide; Biosynthesis of phenylpropanoids; Biosynthesis of plant hormones; Biosynthesis of plant secondary metabolites; Biosynthesis of secondary metabolites; Biosynthesis of terpenoids and steroids; Carbon fixation by Calvin cycle; Carbon metabolism; Central carbon metabolism in cancer; Citrate cycle (TCA cycle); Glucagon signaling pathway; Glyoxylate and dicarboxylate metabolism; Metabolic pathways; Methane metabolism; Microbial metabolism in diverse environments; Other carbon fixation pathways; Pathways in cancer; Proximal tubule bicarbonate reclamation; Pyruvate metabolism; Renal cell carcinoma; Taste transduction; Two-component system",1,None,25,None,C00149,None
C00152,TRUE,C00152,100,1,1,"Alanine, aspartate and glutamate metabolism; Aminoacyl-tRNA biosynthesis; Biosynthesis of amino acids; Biosynthesis of plant secondary metabolites; Biosynthesis of secondary metabolites; Central carbon metabolism in cancer; Cyanoamino acid metabolism; Metabolic pathways; Mineral absorption; Protein digestion and absorption",1,None,10,None,C00152,None
C00153,TRUE,C00153,100,1,1,Biosynthesis of cofactors; Longevity regulating pathway - worm; Metabolic pathways; Nicotinate and nicotinamide metabolism; Vitamin digestion and absorption,1,None,5,None,C00153,None
"C00155, C05330",TRUE,C00155,50,2,1,Antifolate resistance; Biosynthesis of amino acids; Biosynthesis of secondary metabolites; Cobalamin transport and metabolism; Cysteine and methionine metabolism; Folate transport and metabolism; Metabolic pathways; Microbial metabolism in diverse environments; NOD-like receptor signaling pathway; One carbon pool by folate; Sulfur metabolism,1,None,11,None,C00155,None
C00158,TRUE,C00158,100,1,1,"2-Oxocarboxylic acid metabolism; Alanine, aspartate and glutamate metabolism; Biosynthesis of alkaloids derived from histidine and purine; Biosynthesis of alkaloids derived from ornithine, lysine and nicotinic acid; Biosynthesis of alkaloids derived from shikimate pathway; Biosynthesis of alkaloids derived from terpenoid and polyketide; Biosynthesis of amino acids; Biosynthesis of cofactors; Biosynthesis of phenylpropanoids; Biosynthesis of plant hormones; Biosynthesis of plant secondary metabolites; Biosynthesis of secondary metabolites; Biosynthesis of siderophore group nonribosomal peptides; Biosynthesis of terpenoids and steroids; Carbon metabolism; Central carbon metabolism in cancer; Citrate cycle (TCA cycle); Glucagon signaling pathway; Glyoxylate and dicarboxylate metabolism; Metabolic pathways; Microbial metabolism in diverse environments; Other carbon fixation pathways; Taste transduction; Two-component system",1,None,24,None,C00158,None
C00159,TRUE,C00159,100,1,1,ABC transporters; Amino sugar and nucleotide sugar metabolism; Biosynthesis of nucleotide sugars; C-type lectin receptor signaling pathway; Fructose and mannose metabolism; Galactose metabolism; Lysosome; Metabolic pathways; Phosphotransferase system (PTS),1,None,9,None,C00159,None
C00160,TRUE,C00160,100,1,1,Biosynthesis of secondary metabolites; Carbon metabolism; Chloroalkane and chloroalkene degradation; Chlorocyclohexane and chlorobenzene degradation; Glyoxylate and dicarboxylate metabolism; Metabolic pathways; Microbial metabolism in diverse environments,1,None,7,None,C00160,None
C00168,TRUE,C00168,100,1,1,"Biosynthesis of secondary metabolites; Carbon metabolism; Glycine, serine and threonine metabolism; Glyoxylate and dicarboxylate metabolism; Metabolic pathways; Methane metabolism; Microbial metabolism in diverse environments",1,None,7,None,C00168,None
C00170,TRUE,C00170,100,1,1,Biosynthesis of plant secondary metabolites; Cysteine and methionine metabolism; Metabolic pathways; Zeatin biosynthesis,1,None,4,None,C00170,None
C00178,TRUE,C00178,100,1,1,Metabolic pathways; Nucleotide metabolism; Pyrimidine metabolism,1,None,3,None,C00178,None
C00179,TRUE,C00179,100,1,1,Arginine and proline metabolism; Biosynthesis of secondary metabolites; Biosynthesis of various plant secondary metabolites; Metabolic pathways,1,None,4,None,C00179,None
C00180,TRUE,C00180,100,1,1,Aminobenzoate degradation; Benzoate degradation; Biosynthesis of alkaloids derived from shikimate pathway; Biosynthesis of secondary metabolites; Biosynthesis of various alkaloids; Degradation of aromatic compounds; Dioxin degradation; Metabolic pathways; Microbial metabolism in diverse environments; Toluene degradation,1,None,10,None,C00180,None
C00181,TRUE,C00181,100,1,1,ABC transporters; Amino sugar and nucleotide sugar metabolism; Metabolic pathways; Pentose and glucuronate interconversions,1,None,4,None,C00181,None
C00183,TRUE,C00183,100,1,1,"2-Oxocarboxylic acid metabolism; ABC transporters; Aminoacyl-tRNA biosynthesis; Biosynthesis of alkaloids derived from shikimate pathway; Biosynthesis of amino acids; Biosynthesis of cofactors; Biosynthesis of plant secondary metabolites; Biosynthesis of secondary metabolites; Central carbon metabolism in cancer; Cyanoamino acid metabolism; Glucosinolate biosynthesis; Metabolic pathways; Mineral absorption; Pantothenate and CoA biosynthesis; Penicillin and cephalosporin biosynthesis; Protein digestion and absorption; Valine, leucine and isoleucine biosynthesis; Valine, leucine and isoleucine degradation",1,None,18,None,C00183,None
C00184,TRUE,C00184,100,1,1,Carbon metabolism; Glycerolipid metabolism; Metabolic pathways; Methane metabolism; Microbial metabolism in diverse environments,1,None,5,None,C00184,None
C00186,TRUE,C00186,100,1,1,Biosynthesis of secondary metabolites; cAMP signaling pathway; Central carbon metabolism in cancer; Efferocytosis; Fructose and mannose metabolism; Glucagon signaling pathway; Glycolysis / Gluconeogenesis; HIF-1 signaling pathway; Metabolic pathways; Microbial metabolism in diverse environments; Propanoate metabolism; Pyruvate metabolism; Styrene degradation,1,None,13,None,C00186,None
C00187,TRUE,C00187,100,1,1,Aldosterone synthesis and secretion; Basal cell carcinoma; Bile secretion; Biosynthesis of alkaloids derived from terpenoid and polyketide; Biosynthesis of various alkaloids; Cholesterol metabolism; Cortisol synthesis and secretion; Cushing syndrome; Efferocytosis; Fat digestion and absorption; Insect hormone biosynthesis; Lipid and atherosclerosis; Metabolic pathways; Microbial metabolism in diverse environments; Ovarian steroidogenesis; Pathways in cancer; Primary bile acid biosynthesis; Steroid biosynthesis; Steroid degradation; Steroid hormone biosynthesis; Vitamin digestion and absorption,1,None,21,None,C00187,None
C00188,TRUE,C00188,100,1,1,"ABC transporters; Aminoacyl-tRNA biosynthesis; Biosynthesis of amino acids; Biosynthesis of plant secondary metabolites; Biosynthesis of secondary metabolites; D-Amino acid metabolism; Glycine, serine and threonine metabolism; Metabolic pathways; Microbial metabolism in diverse environments; Mineral absorption; Monobactam biosynthesis; Porphyrin metabolism; Protein digestion and absorption; Valine, leucine and isoleucine biosynthesis",1,None,14,None,C00188,None
C00189,TRUE,C00189,100,1,1,Glycerophospholipid metabolism; Metabolic pathways; Retrograde endocannabinoid signaling,1,None,3,None,C00189,None
C00191,TRUE,C00191,100,1,1,Amino sugar and nucleotide sugar metabolism; Ascorbate and aldarate metabolism; Biosynthesis of cofactors; Biosynthesis of nucleotide sugars; Inositol phosphate metabolism; Metabolic pathways; Pentose and glucuronate interconversions,1,None,7,None,C00191,None
C00208,TRUE,C00208,100,1,1,ABC transporters; Bacterial chemotaxis; Biosynthesis of secondary metabolites; Carbohydrate digestion and absorption; Metabolic pathways; Phosphotransferase system (PTS); Starch and sucrose metabolism; Taste transduction,1,None,8,None,C00208,None
C00212,TRUE,C00212,100,1,1,ABC transporters; Alcoholism; cAMP signaling pathway; cGMP-PKG signaling pathway; Metabolic pathways; Morphine addiction; Neuroactive ligand-receptor interaction; Nucleotide metabolism; One carbon pool by folate; Parkinson disease; Purine metabolism; Regulation of lipolysis in adipocytes; Renin secretion; Sphingolipid signaling pathway; Vascular smooth muscle contraction,1,None,15,None,C00212,None
C00213,TRUE,C00213,100,1,1,"Arginine and proline metabolism; Glycine, serine and threonine metabolism; Metabolic pathways; One carbon pool by folate",1,None,4,None,C00213,None
C00214,TRUE,C00214,100,1,1,Metabolic pathways; Nucleotide metabolism; Pyrimidine metabolism,1,None,3,None,C00214,None
C00219,TRUE,C00219,100,1,1,Aldosterone synthesis and secretion; Amoebiasis; Arachidonic acid metabolism; Biosynthesis of unsaturated fatty acids; Eicosanoids; Fc epsilon RI signaling pathway; Fc gamma R-mediated phagocytosis; Ferroptosis; GnRH signaling pathway; Inflammatory mediator regulation of TRP channels; Leishmaniasis; Linoleic acid metabolism; Long-term depression; Metabolic pathways; Necroptosis; Ovarian steroidogenesis; Oxytocin signaling pathway; Phototransduction - fly; Platelet activation; Regulation of lipolysis in adipocytes; Retrograde endocannabinoid signaling; Serotonergic synapse; Vascular smooth muscle contraction,1,None,23,None,C00219,None
"C00221, C00031",TRUE,"C00221, C00031",100,2,2,"ABC transporters; AGE-RAGE signaling pathway in diabetic complications; Amino sugar and nucleotide sugar metabolism; AMPK signaling pathway; Bile secretion; Biofilm formation - Vibrio cholerae; Biosynthesis of secondary metabolites; Carbohydrate digestion and absorption; Carbon metabolism; Central carbon metabolism in cancer; Diabetic cardiomyopathy; Efferocytosis; FoxO signaling pathway; Galactose metabolism; Glucagon signaling pathway; Glycolysis / Gluconeogenesis; HIF-1 signaling pathway; Indole alkaloid biosynthesis; Insulin resistance; Insulin secretion; Insulin signaling pathway; Meiosis - yeast; Metabolic pathways; Microbial metabolism in diverse environments; Mineral absorption; Mycolic acid biosynthesis; Neomycin, kanamycin and gentamicin biosynthesis; Non-alcoholic fatty liver disease; Pentose phosphate pathway; Phosphotransferase system (PTS); Prolactin signaling pathway; Starch and sucrose metabolism; Streptomycin biosynthesis; Taste transduction; Two-component system; Type II diabetes mellitus",1; 2,None || Biosynthesis of secondary metabolites || Metabolic pathways || Glycolysis / Gluconeogenesis || Pentose phosphate pathway,36,Check,NA,KeepOneID
C00233,TRUE,C00233,100,1,1,"2-Oxocarboxylic acid metabolism; Biosynthesis of amino acids; Biosynthesis of secondary metabolites; Glucosinolate biosynthesis; Lipoic acid metabolism; Metabolic pathways; Valine, leucine and isoleucine biosynthesis; Valine, leucine and isoleucine degradation",1,None,8,None,C00233,None
C00242,TRUE,C00242,100,1,1,Metabolic pathways; Nucleotide metabolism; Purine metabolism,1,None,3,None,C00242,None
C00245,TRUE,C00245,100,1,1,ABC transporters; Metabolic pathways; Neuroactive ligand-receptor interaction; Primary bile acid biosynthesis; Sulfur metabolism; Taurine and hypotaurine metabolism,1,None,6,None,C00245,None
C00249,TRUE,C00249,100,1,1,"Biosynthesis of plant secondary metabolites; Biosynthesis of unsaturated fatty acids; Cutin, suberine and wax biosynthesis; Fatty acid biosynthesis; Fatty acid degradation; Fatty acid elongation; Fatty acid metabolism; Glycosylphosphatidylinositol (GPI)-anchor biosynthesis; Metabolic pathways",1,None,9,None,C00249,None
C00250,TRUE,C00250,100,1,1,Biosynthesis of cofactors; Metabolic pathways; Microbial metabolism in diverse environments; Vitamin B6 metabolism; Vitamin digestion and absorption,1,None,5,None,C00250,None
C00252,TRUE,C00252,100,1,1,Metabolic pathways; Starch and sucrose metabolism,1,None,2,None,C00252,None
C00253,TRUE,C00253,100,1,1,"Biosynthesis of alkaloids derived from ornithine, lysine and nicotinic acid; Biosynthesis of cofactors; Biosynthesis of plant secondary metabolites; Biosynthesis of secondary metabolites; Metabolic pathways; Microbial metabolism in diverse environments; Nicotinate and nicotinamide metabolism; Pertussis; Tropane, piperidine and pyridine alkaloid biosynthesis",1,None,9,None,C00253,None
C00255,TRUE,C00255,100,1,1,ABC transporters; Biosynthesis of cofactors; Biosynthesis of secondary metabolites; Metabolic pathways; Riboflavin metabolism; Vitamin digestion and absorption,1,None,6,None,C00255,None
C00257,TRUE,C00257,100,1,1,Biosynthesis of secondary metabolites; Carbon metabolism; Metabolic pathways; Microbial metabolism in diverse environments; Pentose phosphate pathway,1,None,5,None,C00257,None
C00258,TRUE,C00258,100,1,1,"Biosynthesis of secondary metabolites; Carbon metabolism; Glycerolipid metabolism; Glycine, serine and threonine metabolism; Glyoxylate and dicarboxylate metabolism; Metabolic pathways; Methane metabolism; Microbial metabolism in diverse environments; Pentose phosphate pathway",1,None,9,None,C00258,None
C00262,TRUE,C00262,100,1,1,Metabolic pathways; Nucleotide metabolism; Purine metabolism,1,None,3,None,C00262,None
C00263,TRUE,C00263,100,1,1,"Biosynthesis of amino acids; Biosynthesis of secondary metabolites; Cysteine and methionine metabolism; Glycine, serine and threonine metabolism; Lysine biosynthesis; Metabolic pathways; Microbial metabolism in diverse environments; Sulfur metabolism",1,None,8,None,C00263,None
C00270,TRUE,C00270,100,1,1,Biosynthesis of nucleotide sugars; Biosynthesis of various nucleotide sugars; Metabolic pathways,1,None,3,None,C00270,None
C00275,TRUE,C00275,100,1,1,Amino sugar and nucleotide sugar metabolism; Biosynthesis of cofactors; Biosynthesis of nucleotide sugars; Biosynthesis of secondary metabolites; Biosynthesis of various nucleotide sugars; Fructose and mannose metabolism; Lysosome; Metabolic pathways; Phosphotransferase system (PTS),1,None,9,None,C00275,None
C00296,TRUE,C00296,100,1,1,"Metabolic pathways; Phenylalanine, tyrosine and tryptophan biosynthesis",1,None,2,None,C00296,None
C00299,TRUE,C00299,100,1,1,ABC transporters; Metabolic pathways; Nucleotide metabolism; Pyrimidine metabolism,1,None,4,None,C00299,None
C00300,TRUE,C00300,100,1,1,"Arginine and proline metabolism; Glycine, serine and threonine metabolism; Metabolic pathways",1,None,3,None,C00300,None
C00309,TRUE,C00309,100,1,1,Metabolic pathways; Pentose and glucuronate interconversions,1,None,2,None,C00309,None
C00310,TRUE,C00310,100,1,1,Metabolic pathways; Pentose and glucuronate interconversions,1,None,2,None,C00310,None
C00315,TRUE,C00315,100,1,1,ABC transporters; Arginine and proline metabolism; beta-Alanine metabolism; Bile secretion; Biosynthesis of secondary metabolites; Biosynthesis of siderophore group nonribosomal peptides; Glutathione metabolism; Metabolic pathways; Phenylpropanoid biosynthesis,1,None,9,None,C00315,None
C00318,TRUE,C00318,100,1,1,Bile secretion; Diabetic cardiomyopathy; Thermogenesis,1,None,3,None,C00318,None
C00319,TRUE,C00319,100,1,1,Apoptosis; Metabolic pathways; Necroptosis; Sphingolipid metabolism; Sphingolipid signaling pathway,1,None,5,None,C00319,None
C00327,TRUE,C00327,100,1,1,Arginine biosynthesis; Biosynthesis of amino acids; Biosynthesis of secondary metabolites; Metabolic pathways,1,None,4,None,C00327,None
C00328,TRUE,C00328,100,1,1,African trypanosomiasis; Biosynthesis of cofactors; Metabolic pathways; Tryptophan metabolism,1,None,4,None,C00328,None
C00330,TRUE,C00330,100,1,1,ABC transporters; Metabolic pathways; Nucleotide metabolism; Purine metabolism,1,None,4,None,C00330,None
C00334,TRUE,C00334,100,1,1,"Alanine, aspartate and glutamate metabolism; Arginine and proline metabolism; beta-Alanine metabolism; Butanoate metabolism; cAMP signaling pathway; Estrogen signaling pathway; GABAergic synapse; GnRH secretion; Metabolic pathways; Microbial metabolism in diverse environments; Morphine addiction; Neuroactive ligand-receptor interaction; Nicotinate and nicotinamide metabolism; Nicotine addiction; Quorum sensing; Retrograde endocannabinoid signaling; Synaptic vesicle cycle; Taste transduction",1,None,18,None,C00334,None
C00345,TRUE,C00345,100,1,1,Biosynthesis of secondary metabolites; Carbon metabolism; Metabolic pathways; Microbial metabolism in diverse environments; Pentose phosphate pathway,1,None,5,None,C00345,None
C00346,TRUE,C00346,100,1,1,Cationic antimicrobial peptide (CAMP) resistance; Glycerophospholipid metabolism; Glycosylphosphatidylinositol (GPI)-anchor biosynthesis; Metabolic pathways; Sphingolipid metabolism; Sphingolipid signaling pathway,1,None,6,None,C00346,None
C00357,TRUE,C00357,100,1,1,Amino sugar and nucleotide sugar metabolism; Biosynthesis of nucleotide sugars; Metabolic pathways; Phosphotransferase system (PTS),1,None,4,None,C00357,None
C00366,TRUE,C00366,100,1,1,Bile secretion; Metabolic pathways; Microbial metabolism in diverse environments; Purine metabolism,1,None,4,None,C00366,None
C00379,TRUE,C00379,100,1,1,ABC transporters; Metabolic pathways; Pentose and glucuronate interconversions,1,None,3,None,C00379,None
C00385,TRUE,C00385,100,1,1,Biosynthesis of alkaloids derived from histidine and purine; Biosynthesis of plant secondary metabolites; Biosynthesis of secondary metabolites; Caffeine metabolism; Metabolic pathways; Microbial metabolism in diverse environments; Nucleotide metabolism; Purine metabolism,1,None,8,None,C00385,None
C00387,TRUE,C00387,100,1,1,ABC transporters; Metabolic pathways; Nucleotide metabolism; Purine metabolism,1,None,4,None,C00387,None
C00388,TRUE,C00388,100,1,1,Asthma; Biosynthesis of alkaloids derived from histidine and purine; Biosynthesis of secondary metabolites; Fc epsilon RI signaling pathway; Gastric acid secretion; Histamine H2/H3 receptor agonists/antagonists; Histidine metabolism; Inflammatory mediator regulation of TRP channels; Metabolic pathways; Neuroactive ligand-receptor interaction; Protein digestion and absorption; Synaptic vesicle cycle,1,None,12,None,C00388,None
C00392,TRUE,C00392,100,1,1,ABC transporters; Fructose and mannose metabolism; Metabolic pathways; Phosphotransferase system (PTS),1,None,4,None,C00392,None
C00407,TRUE,C00407,100,1,1,"2-Oxocarboxylic acid metabolism; ABC transporters; Aminoacyl-tRNA biosynthesis; Biosynthesis of alkaloids derived from ornithine, lysine and nicotinic acid; Biosynthesis of amino acids; Biosynthesis of plant secondary metabolites; Biosynthesis of secondary metabolites; Central carbon metabolism in cancer; Cyanoamino acid metabolism; Glucosinolate biosynthesis; Metabolic pathways; Mineral absorption; Protein digestion and absorption; Shigellosis; Tropane, piperidine and pyridine alkaloid biosynthesis; Valine, leucine and isoleucine biosynthesis; Valine, leucine and isoleucine degradation",1,None,17,None,C00407,None
C00408,TRUE,C00408,100,1,1,"Biosynthesis of alkaloids derived from ornithine, lysine and nicotinic acid; Biosynthesis of plant secondary metabolites; Biosynthesis of secondary metabolites; Lysine degradation; Metabolic pathways; Microbial metabolism in diverse environments; Tropane, piperidine and pyridine alkaloid biosynthesis",1,None,7,None,C00408,None
C00417,TRUE,C00417,100,1,1,"2-Oxocarboxylic acid metabolism; Biosynthesis of alkaloids derived from histidine and purine; Biosynthesis of alkaloids derived from ornithine, lysine and nicotinic acid; Biosynthesis of alkaloids derived from shikimate pathway; Biosynthesis of alkaloids derived from terpenoid and polyketide; Biosynthesis of phenylpropanoids; Biosynthesis of plant hormones; Biosynthesis of plant secondary metabolites; Biosynthesis of secondary metabolites; Biosynthesis of terpenoids and steroids; C5-Branched dibasic acid metabolism; Citrate cycle (TCA cycle); Glyoxylate and dicarboxylate metabolism; Metabolic pathways; Microbial metabolism in diverse environments; Other carbon fixation pathways",1,None,16,None,C00417,None
C00429,TRUE,C00429,100,1,1,beta-Alanine metabolism; Metabolic pathways; Pantothenate and CoA biosynthesis; Pyrimidine metabolism,1,None,4,None,C00429,None
C00431,TRUE,C00431,100,1,1,Arginine and proline metabolism; D-Amino acid metabolism; Lysine degradation; Metabolic pathways; Microbial metabolism in diverse environments,1,None,5,None,C00431,None
C00437,TRUE,C00437,100,1,1,2-Oxocarboxylic acid metabolism; Arginine biosynthesis; Biosynthesis of amino acids; Biosynthesis of secondary metabolites; Metabolic pathways,1,None,5,None,C00437,None
C00440,TRUE,C00440,100,1,1,Antifolate resistance; Carbon metabolism; Cobalamin transport and metabolism; Folate transport and metabolism; Metabolic pathways; Microbial metabolism in diverse environments; One carbon pool by folate; Other carbon fixation pathways,1,None,8,None,C00440,None
C00449,TRUE,C00449,100,1,1,Biosynthesis of amino acids; Biosynthesis of secondary metabolites; Lysine biosynthesis; Lysine degradation; Metabolic pathways,1,None,5,None,C00449,None
C00455,TRUE,C00455,100,1,1,Metabolic pathways; Nicotinate and nicotinamide metabolism,1,None,2,None,C00455,None
C00474,TRUE,C00474,100,1,1,Metabolic pathways; Pentose and glucuronate interconversions; Riboflavin metabolism,1,None,3,None,C00474,None
C00475,TRUE,C00475,100,1,1,ABC transporters; Metabolic pathways; Nucleotide metabolism; Pyrimidine metabolism,1,None,4,None,C00475,None
C00486,TRUE,C00486,100,1,1,Bile secretion; Biosynthesis of secondary metabolites; Metabolic pathways; Porphyrin metabolism,1,None,4,None,C00486,None
C00489,TRUE,C00489,100,1,1,Fatty acid degradation; Lysine degradation; Metabolic pathways; Microbial metabolism in diverse environments,1,None,4,None,C00489,None
C00491,TRUE,C00491,100,1,1,ABC transporters; Cysteine and methionine metabolism; Ferroptosis; Metabolic pathways; Protein digestion and absorption,1,None,5,None,C00491,None
C00503,TRUE,C00503,100,1,1,ABC transporters,1,None,1,None,C00503,None
C00519,TRUE,C00519,100,1,1,Metabolic pathways; Taurine and hypotaurine metabolism,1,None,2,None,C00519,None
C00523,TRUE,C00523,100,1,1,Metabolic pathways; Steroid hormone biosynthesis,1,None,2,None,C00523,None
C00535,TRUE,C00535,100,1,1,"Endocrine resistance; GnRH secretion; Metabolic pathways; Microbial metabolism in diverse environments; Ovarian steroidogenesis; Pathways in cancer; Progesterone, androgen and estrogen receptor agonists/antagonists; Prostate cancer; Steroid degradation; Steroid hormone biosynthesis",1,None,10,None,C00535,None
C00581,TRUE,C00581,100,1,1,"Arginine and proline metabolism; Glycine, serine and threonine metabolism; Metabolic pathways",1,None,3,None,C00581,None
C00583,TRUE,C00583,100,1,1,Metabolic pathways; Propanoate metabolism,1,None,2,None,C00583,None
C00584,TRUE,C00584,100,1,1,African trypanosomiasis; Amoebiasis; Arachidonic acid metabolism; Bile secretion; C-type lectin receptor signaling pathway; cAMP signaling pathway; Efferocytosis; Human cytomegalovirus infection; Human papillomavirus infection; Inflammatory mediator regulation of TRP channels; Leishmaniasis; Metabolic pathways; Neuroactive ligand-receptor interaction; Oxytocin signaling pathway; Pathways in cancer; Regulation of lipolysis in adipocytes; Renin secretion; Rheumatoid arthritis; Serotonergic synapse,1,None,19,None,C00584,None
C00597,FALSE,NA,0,1,0,,,None,0,None,C00597,None
C00631,TRUE,C00631,100,1,1,"Biosynthesis of alkaloids derived from shikimate pathway; Biosynthesis of amino acids; Biosynthesis of phenylpropanoids; Biosynthesis of plant secondary metabolites; Biosynthesis of secondary metabolites; Biosynthesis of terpenoids and steroids; Carbon metabolism; Central carbon metabolism in cancer; Glucagon signaling pathway; Glycerolipid metabolism; Glycine, serine and threonine metabolism; Glycolysis / Gluconeogenesis; Glyoxylate and dicarboxylate metabolism; Metabolic pathways; Methane metabolism; Microbial metabolism in diverse environments; Pentose phosphate pathway",1,None,17,None,C00631,None
C00642,TRUE,C00642,100,1,1,Degradation of aromatic compounds; Degradation of flavonoids; Metabolic pathways; Microbial metabolism in diverse environments; Phenylalanine metabolism; Tyrosine metabolism,1,None,6,None,C00642,None
C00668,TRUE,C00668,100,1,1,"Amino sugar and nucleotide sugar metabolism; AMPK signaling pathway; Biosynthesis of alkaloids derived from histidine and purine; Biosynthesis of alkaloids derived from ornithine, lysine and nicotinic acid; Biosynthesis of alkaloids derived from shikimate pathway; Biosynthesis of alkaloids derived from terpenoid and polyketide; Biosynthesis of cofactors; Biosynthesis of nucleotide sugars; Biosynthesis of phenylpropanoids; Biosynthesis of plant hormones; Biosynthesis of plant secondary metabolites; Biosynthesis of secondary metabolites; Carbon metabolism; Galactose metabolism; Glucagon signaling pathway; Glycolysis / Gluconeogenesis; Metabolic pathways; Microbial metabolism in diverse environments; Pentose phosphate pathway",1,None,19,None,C00668,None
C00669,TRUE,C00669,100,1,1,Biosynthesis of cofactors; Ferroptosis; Glutathione metabolism; Metabolic pathways,1,None,4,None,C00669,None
C00670,TRUE,C00670,100,1,1,Choline metabolism in cancer; Ether lipid metabolism; Glycerophospholipid metabolism,1,None,3,None,C00670,None
"C00671, C06008",TRUE,C00671,50,2,1,"2-Oxocarboxylic acid metabolism; Biosynthesis of amino acids; Biosynthesis of secondary metabolites; Glucosinolate biosynthesis; Lipoic acid metabolism; Metabolic pathways; Valine, leucine and isoleucine biosynthesis; Valine, leucine and isoleucine degradation",1,None,8,None,C00671,None
C00712,TRUE,C00712,100,1,1,"Biosynthesis of plant secondary metabolites; Biosynthesis of unsaturated fatty acids; Cutin, suberine and wax biosynthesis; Fatty acid biosynthesis; Longevity regulating pathway - worm",1,None,5,None,C00712,None
C00719,TRUE,C00719,100,1,1,"ABC transporters; Folate transport and metabolism; Glycine, serine and threonine metabolism; Metabolic pathways; One carbon pool by folate",1,None,5,None,C00719,None
C00735,TRUE,C00735,100,1,1,Aldosterone-regulated sodium reabsorption; Bile secretion; Cortisol synthesis and secretion; Cushing syndrome; Glucocorticoid and mineralocorticoid receptor agonists/antagonists; Metabolic pathways; Neuroactive ligand-receptor interaction; Pathways in cancer; Prostate cancer; Steroid hormone biosynthesis,1,None,10,None,C00735,None
C00750,TRUE,C00750,100,1,1,Arginine and proline metabolism; beta-Alanine metabolism; Bile secretion; Biosynthesis of cofactors; Glutathione metabolism; Metabolic pathways; Pantothenate and CoA biosynthesis,1,None,7,None,C00750,None
C00751,TRUE,C00751,100,1,1,Biosynthesis of alkaloids derived from terpenoid and polyketide; Biosynthesis of plant hormones; Biosynthesis of plant secondary metabolites; Biosynthesis of secondary metabolites; Biosynthesis of terpenoids and steroids; Biosynthesis of various alkaloids; Biosynthesis of various plant secondary metabolites; Metabolic pathways; Sesquiterpenoid and triterpenoid biosynthesis; Steroid biosynthesis,1,None,10,None,C00751,None
C00762,TRUE,C00762,100,1,1,Aldosterone-regulated sodium reabsorption; Glucocorticoid and mineralocorticoid receptor agonists/antagonists; Metabolic pathways; Pathways in cancer; Prostate cancer; Steroid hormone biosynthesis,1,None,6,None,C00762,None
C00785,TRUE,C00785,100,1,1,Histidine metabolism; Metabolic pathways,1,None,2,None,C00785,None
C00791,TRUE,C00791,100,1,1,Arginine and proline metabolism; Metabolic pathways,1,None,2,None,C00791,None
C00794,TRUE,C00794,100,1,1,ABC transporters; Diabetic cardiomyopathy; Fructose and mannose metabolism; Galactose metabolism; Metabolic pathways; Phosphotransferase system (PTS),1,None,6,None,C00794,None
C00805,TRUE,C00805,100,1,1,Bile secretion; Biosynthesis of phenylpropanoids; Biosynthesis of plant hormones; Biosynthesis of secondary metabolites; Biosynthesis of siderophore group nonribosomal peptides; Biosynthesis of various alkaloids; Degradation of aromatic compounds; Dioxin degradation; Metabolic pathways; Microbial metabolism in diverse environments; Naphthalene degradation; Plant hormone signal transduction; Polycyclic aromatic hydrocarbon degradation,1,None,13,None,C00805,None
C00815,FALSE,NA,0,1,0,,,None,0,None,C00815,None
C00818,TRUE,C00818,100,1,1,Ascorbate and aldarate metabolism; Metabolic pathways,1,None,2,None,C00818,None
C00836,TRUE,C00836,100,1,1,Metabolic pathways; Sphingolipid metabolism; Sphingolipid signaling pathway,1,None,3,None,C00836,None
C00847,TRUE,C00847,100,1,1,Metabolic pathways; Microbial metabolism in diverse environments; Vitamin B6 metabolism,1,None,3,None,C00847,None
C00864,TRUE,C00864,100,1,1,beta-Alanine metabolism; Biosynthesis of cofactors; Biosynthesis of secondary metabolites; Metabolic pathways; Pantothenate and CoA biosynthesis; Vitamin digestion and absorption,1,None,6,None,C00864,None
C00878,TRUE,C00878,100,1,1,Ascorbate and aldarate metabolism; Metabolic pathways,1,None,2,None,C00878,None
C00882,TRUE,C00882,100,1,1,Biosynthesis of cofactors; Metabolic pathways; Pantothenate and CoA biosynthesis,1,None,3,None,C00882,None
C00898,TRUE,C00898,100,1,1,Glyoxylate and dicarboxylate metabolism; Metabolic pathways,1,None,2,None,C00898,None
C00946,FALSE,NA,0,1,0,,,None,0,None,C00946,None
C00954,TRUE,C00954,100,1,1,Biosynthesis of plant hormones; Metabolic pathways; Plant hormone signal transduction; Tryptophan metabolism,1,None,4,None,C00954,None
C00956,TRUE,C00956,100,1,1,2-Oxocarboxylic acid metabolism; Biosynthesis of amino acids; Biosynthesis of secondary metabolites; Lysine biosynthesis; Lysine degradation; Metabolic pathways; Microbial metabolism in diverse environments; Penicillin and cephalosporin biosynthesis,1,None,8,None,C00956,None
C00993,TRUE,C00993,100,1,1,D-Amino acid metabolism; Metabolic pathways; Peptidoglycan biosynthesis; Vancomycin resistance,1,None,4,None,C00993,None
C01004,TRUE,C01004,100,1,1,"Tropane, piperidine and pyridine alkaloid biosynthesis",1,None,1,None,C01004,None
C01019,TRUE,C01019,100,1,1,Amino sugar and nucleotide sugar metabolism; Biosynthesis of nucleotide sugars; C-type lectin receptor signaling pathway; Fructose and mannose metabolism; Metabolic pathways; Microbial metabolism in diverse environments; Quorum sensing; Two-component system,1,None,8,None,C01019,None
C01026,TRUE,C01026,100,1,1,"Folate transport and metabolism; Glycine, serine and threonine metabolism; Metabolic pathways; One carbon pool by folate",1,None,4,None,C01026,None
C01035,TRUE,C01035,100,1,1,Arginine and proline metabolism; Metabolic pathways,1,None,2,None,C01035,None
C01040,TRUE,C01040,100,1,1,Ascorbate and aldarate metabolism; Biosynthesis of cofactors; Metabolic pathways,1,None,3,None,C01040,None
C01042,TRUE,C01042,100,1,1,"Alanine, aspartate and glutamate metabolism; Metabolic pathways",1,None,2,None,C01042,None
C01046,TRUE,C01046,100,1,1,Metabolic pathways; Methane metabolism; Microbial metabolism in diverse environments,1,None,3,None,C01046,None
C01089,TRUE,C01089,100,1,1,Butanoate metabolism; cAMP signaling pathway; Metabolic pathways,1,None,3,None,C01089,None
C01094,TRUE,C01094,100,1,1,"Fructose and mannose metabolism; Metabolic pathways; Microbial metabolism in diverse environments; Phenylalanine, tyrosine and tryptophan biosynthesis; Phosphotransferase system (PTS)",1,None,5,None,C01094,None
C01096,TRUE,C01096,100,1,1,Fructose and mannose metabolism; Metabolic pathways; Phosphotransferase system (PTS),1,None,3,None,C01096,None
C01118,TRUE,C01118,100,1,1,Biosynthesis of amino acids; Biosynthesis of secondary metabolites; Cysteine and methionine metabolism; Metabolic pathways; Microbial metabolism in diverse environments; Sulfur metabolism,1,None,6,None,C01118,None
C01152,TRUE,C01152,100,1,1,Histidine metabolism; Metabolic pathways,1,None,2,None,C01152,None
C01157,TRUE,C01157,100,1,1,ABC transporters; Arginine and proline metabolism; D-Amino acid metabolism; Metabolic pathways,1,None,4,None,C01157,None
C01177,TRUE,C01177,100,1,1,ABC transporters; Inositol phosphate metabolism; Metabolic pathways; Phosphatidylinositol signaling system,1,None,4,None,C01177,None
C01181,TRUE,C01181,100,1,1,ABC transporters; Lysine degradation; Metabolic pathways,1,None,3,None,C01181,None
C01233,TRUE,C01233,100,1,1,Ether lipid metabolism; Glycerophospholipid metabolism; Metabolic pathways,1,None,3,None,C01233,None
C01262,TRUE,C01262,100,1,1,beta-Alanine metabolism; Histidine metabolism; Metabolic pathways,1,None,3,None,C01262,None
C01367,TRUE,C01367,100,1,1,Metabolic pathways; Purine metabolism,1,None,2,None,C01367,None
C01419,TRUE,C01419,100,1,1,Glutathione metabolism; Metabolic pathways,1,None,2,None,C01419,None
C01425,FALSE,NA,0,1,0,,,None,0,None,C01425,None
C01468,TRUE,C01468,100,1,1,Degradation of aromatic compounds; Metabolic pathways; Microbial metabolism in diverse environments; Nitrotoluene degradation; Protein digestion and absorption; Toluene degradation,1,None,6,None,C01468,None
C01517,FALSE,NA,0,1,0,,,None,0,None,C01517,None
C01530,TRUE,C01530,100,1,1,Biosynthesis of plant secondary metabolites; Biosynthesis of unsaturated fatty acids; Fatty acid biosynthesis; Metabolic pathways; Phototransduction - fly,1,None,5,None,C01530,None
C01571,TRUE,C01571,100,1,1,Fatty acid biosynthesis; Metabolic pathways,1,None,2,None,C01571,None
C01582,FALSE,NA,0,1,0,,,None,0,None,C01582,None
C01585,FALSE,NA,0,1,0,,,None,0,None,C01585,None
C01586,FALSE,NA,0,1,0,,,None,0,None,C01586,None
C01595,TRUE,C01595,100,1,1,Biosynthesis of plant secondary metabolites; Biosynthesis of unsaturated fatty acids; Linoleic acid metabolism; Metabolic pathways,1,None,4,None,C01595,None
C01601,FALSE,NA,0,1,0,,,None,0,None,C01601,None
C01620,TRUE,C01620,100,1,1,Ascorbate and aldarate metabolism; Metabolic pathways,1,None,2,None,C01620,None
C01762,TRUE,C01762,100,1,1,ABC transporters; Biosynthesis of alkaloids derived from histidine and purine; Biosynthesis of secondary metabolites; Caffeine metabolism; Metabolic pathways; Nucleotide metabolism; Purine metabolism,1,None,7,None,C01762,None
"C01835, C00721, C00420",TRUE,"C01835, C00721",66.66666666666666,3,2,ABC transporters; Biosynthesis of secondary metabolites; Carbohydrate digestion and absorption; Metabolic pathways; Starch and sucrose metabolism,1,None,5,Check,NA,KeepEachID
C01879,TRUE,C01879,100,1,1,Glutathione metabolism; Metabolic pathways,1,None,2,None,C01879,None
C01936,FALSE,NA,0,1,0,,,None,0,None,C01936,None
"C01991, C00989",TRUE,C00989,50,2,1,Butanoate metabolism; Carbon metabolism; Metabolic pathways; Microbial metabolism in diverse environments; Other carbon fixation pathways,1,None,5,None,C00989,None
C02037,FALSE,NA,0,1,0,,,None,0,None,C02037,None
C02043,FALSE,NA,0,1,0,,,None,0,None,C02043,None
"C02052, C00464",TRUE,C00464,50,2,1,Fructose and mannose metabolism; Metabolic pathways; Neutrophil extracellular trap formation,1,None,3,None,C00464,None
C02067,TRUE,C02067,100,1,1,Metabolic pathways; Pyrimidine metabolism,1,None,2,None,C02067,None
C02155,FALSE,NA,0,1,0,,,None,0,None,C02155,None
C02180,FALSE,NA,0,1,0,,,None,0,None,C02180,None
C02261,FALSE,NA,0,1,0,,,None,0,None,C02261,None
C02354,TRUE,C02354,100,1,1,Metabolic pathways; Pyrimidine metabolism,1,None,2,None,C02354,None
C02477,TRUE,C02477,100,1,1,Biosynthesis of cofactors; Biosynthesis of plant secondary metabolites; Biosynthesis of secondary metabolites; Ferroptosis; Metabolic pathways; Ubiquinone and other terpenoid-quinone biosynthesis; Vitamin digestion and absorption,1,None,7,None,C02477,None
C02483,TRUE,C02483,100,1,1,Biosynthesis of cofactors; Biosynthesis of secondary metabolites; Metabolic pathways; Ubiquinone and other terpenoid-quinone biosynthesis,1,None,4,None,C02483,None
C02494,FALSE,NA,0,1,0,,,None,0,None,C02494,None
C02504,TRUE,C02504,100,1,1,"2-Oxocarboxylic acid metabolism; Biosynthesis of amino acids; Biosynthesis of secondary metabolites; Metabolic pathways; Pyruvate metabolism; Valine, leucine and isoleucine biosynthesis",1,None,6,None,C02504,None
C02562,FALSE,NA,0,1,0,,,None,0,None,C02562,None
C02571,TRUE,C02571,100,1,1,Insulin resistance,1,None,1,None,C02571,None
C02603,FALSE,NA,0,1,0,,,None,0,None,C02603,None
C02630,TRUE,C02630,100,1,1,Butanoate metabolism; C5-Branched dibasic acid metabolism; Metabolic pathways,1,None,3,None,C02630,None
C02636,FALSE,NA,0,1,0,,,None,0,None,C02636,None
C02642,TRUE,C02642,100,1,1,beta-Alanine metabolism; Metabolic pathways; Pantothenate and CoA biosynthesis; Pyrimidine metabolism,1,None,4,None,C02642,None
C02678,FALSE,NA,0,1,0,,,None,0,None,C02678,None
C02679,TRUE,C02679,100,1,1,Biosynthesis of secondary metabolites; Fatty acid biosynthesis; Metabolic pathways; Prodigiosin biosynthesis,1,None,4,None,C02679,None
C02710,FALSE,NA,0,1,0,,,None,0,None,C02710,None
C02712,FALSE,NA,0,1,0,,,None,0,None,C02712,None
C02716,FALSE,NA,0,1,0,,,None,0,None,C02716,None
C02727,TRUE,C02727,100,1,1,Lysine degradation; Metabolic pathways,1,None,2,None,C02727,None
C02847,FALSE,NA,0,1,0,,,None,0,None,C02847,None
C02862,FALSE,NA,0,1,0,,,None,0,None,C02862,None
C02979,FALSE,NA,0,1,0,,,None,0,None,C02979,None
C03017,FALSE,NA,0,1,0,,,None,0,None,C03017,None
C03079,FALSE,NA,0,1,0,,,None,0,None,C03079,None
C03137,FALSE,NA,0,1,0,,,None,0,None,C03137,None
C03242,TRUE,C03242,100,1,1,Biosynthesis of unsaturated fatty acids; Linoleic acid metabolism; Metabolic pathways,1,None,3,None,C03242,None
C03406,TRUE,C03406,100,1,1,"Alanine, aspartate and glutamate metabolism; Arginine biosynthesis; Biosynthesis of amino acids; Biosynthesis of secondary metabolites; Metabolic pathways",1,None,5,None,C03406,None
"C03460, C03722",TRUE,"C03460, C03722",100,2,2,"beta-Alanine metabolism; Biosynthesis of alkaloids derived from ornithine, lysine and nicotinic acid; Biosynthesis of cofactors; Biosynthesis of plant secondary metabolites; Metabolic pathways; Nicotinate and nicotinamide metabolism; Tryptophan metabolism; Valine, leucine and isoleucine degradation",1; 2,None || Metabolic pathways,8,Check,NA,KeepOneID
C03519,TRUE,C03519,100,1,1,Metabolic pathways; Phenylalanine metabolism,1,None,2,None,C03519,None
C03594,TRUE,C03594,100,1,1,Metabolic pathways; Primary bile acid biosynthesis,1,None,2,None,C03594,None
C03626,FALSE,NA,0,1,0,,,None,0,None,C03626,None
C03672,FALSE,NA,0,1,0,,,None,0,None,C03672,None
C03793,TRUE,C03793,100,1,1,Lysine degradation; Metabolic pathways,1,None,2,None,C03793,None
C03794,TRUE,C03794,100,1,1,"Alanine, aspartate and glutamate metabolism; Biosynthesis of cofactors; Metabolic pathways; Nucleotide metabolism; Purine metabolism",1,None,5,None,C03794,None
C03882,TRUE,C03882,100,1,1,"Biosynthesis of alkaloids derived from ornithine, lysine and nicotinic acid; Tropane, piperidine and pyridine alkaloid biosynthesis",1,None,2,None,C03882,None
C04100,FALSE,NA,0,1,0,,,None,0,None,C04100,None
C04148,TRUE,C04148,100,1,1,Phenylalanine metabolism,1,None,1,None,C04148,None
C04230,TRUE,C04230,100,1,1,Choline metabolism in cancer; Efferocytosis; Glycerophospholipid metabolism,1,None,3,None,C04230,None
C04295,TRUE,C04295,100,1,1,Metabolic pathways; Ovarian steroidogenesis; Steroid hormone biosynthesis,1,None,3,None,C04295,None
C04545,FALSE,NA,0,1,0,,,None,0,None,C04545,None
C04805,TRUE,C04805,100,1,1,Arachidonic acid metabolism; Inflammatory mediator regulation of TRP channels; Metabolic pathways,1,None,3,None,C04805,None
C05145,FALSE,NA,0,1,0,,,None,0,None,C05145,None
C05208,FALSE,NA,0,1,0,,,None,0,None,C05208,None
C05282,FALSE,NA,0,1,0,,,None,0,None,C05282,None
C05283,FALSE,NA,0,1,0,,,None,0,None,C05283,None
C05345,FALSE,NA,0,1,0,,,None,0,None,C05345,None
C05382,TRUE,C05382,100,1,1,Biosynthesis of amino acids; Biosynthesis of nucleotide sugars; Biosynthesis of secondary metabolites; Biosynthesis of various nucleotide sugars; Carbon fixation by Calvin cycle; Carbon metabolism; Metabolic pathways; Microbial metabolism in diverse environments; Pentose phosphate pathway,1,None,9,None,C05382,None
C05411,TRUE,C05411,100,1,1,Ascorbate and aldarate metabolism; Pentose and glucuronate interconversions,1,None,2,None,C05411,None
C05484,TRUE,C05484,100,1,1,Metabolic pathways; Steroid hormone biosynthesis,1,None,2,None,C05484,None
C05512,TRUE,C05512,100,1,1,ABC transporters; Metabolic pathways; Nucleotide metabolism; Purine metabolism,1,None,4,None,C05512,None
C05519,TRUE,C05519,100,1,1,"Glycine, serine and threonine metabolism; Metabolic pathways",1,None,2,None,C05519,None
C05551,TRUE,C05551,100,1,1,Bile secretion,1,None,1,None,C05551,None
C05565,TRUE,C05565,100,1,1,Histidine metabolism,1,None,1,None,C05565,None
C05570,TRUE,C05570,100,1,1,Histidine metabolism; Metabolic pathways,1,None,2,None,C05570,None
C05576,TRUE,C05576,100,1,1,Metabolic pathways; Tyrosine metabolism,1,None,2,None,C05576,None
C05584,TRUE,C05584,100,1,1,Metabolic pathways; Tyrosine metabolism,1,None,2,None,C05584,None
C05793,TRUE,C05793,100,1,1,Porphyrin metabolism,1,None,1,None,C05793,None
C05822,TRUE,C05822,100,1,1,Metabolic pathways; Pyrimidine metabolism,1,None,2,None,C05822,None
C05828,TRUE,C05828,100,1,1,Histidine metabolism; Metabolic pathways,1,None,2,None,C05828,None
C05842,TRUE,C05842,100,1,1,Metabolic pathways; Nicotinate and nicotinamide metabolism,1,None,2,None,C05842,None
C05953,TRUE,C05953,100,1,1,Arachidonic acid metabolism; Metabolic pathways; Serotonergic synapse,1,None,3,None,C05953,None
C05961,TRUE,C05961,100,1,1,Arachidonic acid metabolism; Metabolic pathways,1,None,2,None,C05961,None
C05984,TRUE,C05984,100,1,1,Propanoate metabolism,1,None,1,None,C05984,None
C06104,TRUE,C06104,100,1,1,Caprolactam degradation; Degradation of aromatic compounds; Metabolic pathways; Microbial metabolism in diverse environments,1,None,4,None,C06104,None
C06153,TRUE,C06153,100,1,1,Inositol phosphate metabolism; Metabolic pathways; Microbial metabolism in diverse environments,1,None,3,None,C06153,None
C06174,TRUE,C06174,100,1,1,Biosynthesis of secondary metabolites; Drug metabolism - cytochrome P450; Isoquinoline alkaloid biosynthesis; Metabolic pathways,1,None,4,None,C06174,None
C06218,FALSE,NA,0,1,0,,,None,0,None,C06218,None
C06423,TRUE,C06423,100,1,1,Biosynthesis of alkaloids derived from terpenoid and polyketide; Biosynthesis of cofactors; Biosynthesis of plant secondary metabolites; Fatty acid biosynthesis; Lipoic acid metabolism; Metabolic pathways,1,None,6,None,C06423,None
C06424,TRUE,C06424,100,1,1,Fatty acid biosynthesis; Metabolic pathways,1,None,2,None,C06424,None
C06425,TRUE,C06425,100,1,1,Biosynthesis of unsaturated fatty acids,1,None,1,None,C06425,None
C06427,TRUE,C06427,100,1,1,alpha-Linolenic acid metabolism; Biosynthesis of plant hormones; Biosynthesis of plant secondary metabolites; Biosynthesis of secondary metabolites; Biosynthesis of unsaturated fatty acids; Metabolic pathways,1,None,6,None,C06427,None
C06428,TRUE,C06428,100,1,1,Biosynthesis of unsaturated fatty acids,1,None,1,None,C06428,None
C06429,TRUE,C06429,100,1,1,Biosynthesis of unsaturated fatty acids,1,None,1,None,C06429,None
C06804,TRUE,C06804,100,1,1,Bile secretion,1,None,1,None,C06804,None
C07151,TRUE,C07151,100,1,1,AMPK signaling pathway; Bile secretion; Longevity regulating pathway,1,None,3,None,C07151,None
C07187,FALSE,NA,0,1,0,,,None,0,None,C07187,None
"C07202,D02358",FALSE,NA,0,2,0,,,None,0,None,C07202,None
C07326,FALSE,NA,0,1,0,,,None,0,None,C07326,None
C07480,TRUE,C07480,100,1,1,Biosynthesis of alkaloids derived from histidine and purine; Biosynthesis of plant secondary metabolites; Biosynthesis of secondary metabolites; Caffeine metabolism; Metabolic pathways; Microbial metabolism in diverse environments,1,None,6,None,C07480,None
C07572,TRUE,C07572,100,1,1,Drug metabolism - cytochrome P450,1,None,1,None,C07572,None
C07588,FALSE,NA,0,1,0,,,None,0,None,C07588,None
C08261,FALSE,NA,0,1,0,,,None,0,None,C08261,None
C08283,FALSE,NA,0,1,0,,,None,0,None,C08283,None
C08316,TRUE,C08316,100,1,1,Biosynthesis of unsaturated fatty acids,1,None,1,None,C08316,None
C08322,FALSE,NA,0,1,0,,,None,0,None,C08322,None
C08323,TRUE,C08323,100,1,1,Biosynthesis of unsaturated fatty acids,1,None,1,None,C08323,None
C08362,TRUE,C08362,100,1,1,Fatty acid biosynthesis; Metabolic pathways,1,None,2,None,C08362,None
C08367,FALSE,NA,0,1,0,,,None,0,None,C08367,None
C09213,FALSE,NA,0,1,0,,,None,0,None,C09213,None
C10172,FALSE,NA,0,1,0,,,None,0,None,C10172,None
C11301,FALSE,NA,0,1,0,,,None,0,None,C11301,None
C11332,FALSE,NA,0,1,0,,,None,0,None,C11332,None
C12144,TRUE,C12144,100,1,1,Metabolic pathways; Sphingolipid metabolism,1,None,2,None,C12144,None
C12270,TRUE,C12270,100,1,1,"Alanine, aspartate and glutamate metabolism; Metabolic pathways; Neuroactive ligand-receptor interaction",1,None,3,None,C12270,None
C12600,FALSE,NA,0,1,0,,,None,0,None,C12600,None
C12989,FALSE,NA,0,1,0,,,None,0,None,C12989,None
C13857,FALSE,NA,0,1,0,,,None,0,None,C13857,None
C14152,TRUE,C14152,100,1,1,Biosynthesis of cofactors; Biosynthesis of secondary metabolites; Metabolic pathways; Ubiquinone and other terpenoid-quinone biosynthesis,1,None,4,None,C14152,None
C14732,TRUE,C14732,100,1,1,Arachidonic acid metabolism; Metabolic pathways,1,None,2,None,C14732,None
C16300,TRUE,C16300,100,1,1,alpha-Linolenic acid metabolism; Biosynthesis of secondary metabolites,1,None,2,None,C16300,None
C16513,TRUE,C16513,100,1,1,Biosynthesis of unsaturated fatty acids,1,None,1,None,C16513,None
C16525,TRUE,C16525,100,1,1,Biosynthesis of unsaturated fatty acids,1,None,1,None,C16525,None
C16526,TRUE,C16526,100,1,1,Biosynthesis of unsaturated fatty acids,1,None,1,None,C16526,None
C16527,TRUE,C16527,100,1,1,Biosynthesis of unsaturated fatty acids; Ferroptosis,1,None,2,None,C16527,None
C16533,TRUE,C16533,100,1,1,Biosynthesis of unsaturated fatty acids,1,None,1,None,C16533,None
C16534,FALSE,NA,0,1,0,,,None,0,None,C16534,None
C16537,FALSE,NA,0,1,0,,,None,0,None,C16537,None
C16884,FALSE,NA,0,1,0,,,None,0,None,C16884,None
C17337,TRUE,C17337,100,1,1,Primary bile acid biosynthesis,1,None,1,None,C17337,None
"C17737, C00695",TRUE,"C17737, C00695",100,2,2,Bile secretion; Metabolic pathways; Primary bile acid biosynthesis; Secondary bile acid biosynthesis,1; 2,Secondary bile acid biosynthesis || None,4,Check,NA,KeepOneID
C18218,TRUE,C18218,100,1,1,"Cutin, suberine and wax biosynthesis; Metabolic pathways",1,None,2,None,C18218,None
C20522,TRUE,C20522,100,1,1,Histidine metabolism,1,None,1,None,C20522,None
"D00095,C00788,D02149",TRUE,C00788,33.33333333333333,3,1,Adrenergic signaling in cardiomyocytes; cAMP signaling pathway; Chemical carcinogenesis - receptor activation; Hormone signaling; Metabolic pathways; Neuroactive ligand-receptor interaction; Quorum sensing; Regulation of lipolysis in adipocytes; Renin secretion; Two-component system; Tyrosine metabolism,1,None,11,None,C00788,None
D00235,FALSE,NA,0,1,0,,,None,0,None,D00235,None
D00332,FALSE,NA,0,1,0,,,None,0,None,D00332,None
D00358,FALSE,NA,0,1,0,,,None,0,None,D00358,None
D00422,FALSE,NA,0,1,0,,,None,0,None,D00422,None
"D00567,C07589",FALSE,NA,0,2,0,,,None,0,None,D00567,None
"D00887,C06834",FALSE,NA,0,2,0,,,None,0,None,D00887,None
D01947,FALSE,NA,0,1,0,,,None,0,None,D01947,None
"D02362,C07415",FALSE,NA,0,2,0,,,None,0,None,D02362,None
G00265,FALSE,NA,0,1,0,,,None,0,None,G00265,None
